pitcher_name,pitcher_level,pitcher_throws,date,pitch_type,pitch_number,release_speed,spin_rate,induced_vertical_break,horizontal_break,vertical_approach_angle,horizontal_approach_angle,vertical_break,spin_efficiency,spin_axis,tilt,extension,release_height,release_side,plate_location_height,plate_location_side
Eli Stewart,College,Right,2024-05-22,FB,103,86.72971,2376.1863,15.00668,19.5085,-1.9860644,0.9542317,-23.85295,0.9655854,232.29156,01:45:00,5.33312,4.46174,2.28524,4.83728,1.34874
Eli Stewart,College,Right,2024-05-22,FB,104,85.7169,2518.71,17.08111,17.25756,-4.371271,0.69106543,-23.37912,0.9826585,225.20728,01:30:00,5.20955,4.45288,2.13012,2.56376,1.13437
Eli Stewart,College,Right,2024-05-22,FB,105,85.91927,2514.4617,17.98953,19.97028,-6.668479,-1.3687835,-21.58172,0.9012499,227.98134,01:30:00,5.26746,4.51756,1.99178,0.23129,-1.15148
Eli Stewart,College,Right,2024-05-22,FB,106,85.48916,2554.7393,15.48944,19.59314,-5.060176,-1.2214712,-25.26219,0.88911825,231.52438,01:45:00,5.09996,4.36262,2.19942,1.97103,-0.80482
Eli Stewart,College,Right,2024-05-22,FB,107,85.70486,2455.5242,15.50777,19.41719,-4.627358,0.29204175,-25.61523,0.99997556,231.2723,01:45:00,4.61329,4.60072,1.75142,2.61523,0.19219
Eli Stewart,College,Right,2024-05-22,CH,108,78.91207,2359.1763,12.97333,20.76907,-4.3803906,1.0695004,-34.1403,0.9973347,237.84566,02:00:00,5.01119,4.28863,2.21379,3.32557,1.28894
Eli Stewart,College,Right,2024-05-22,CH,109,79.53451,2286.1433,5.91065,23.82842,-5.154488,1.6336447,-41.10211,0.86353797,255.86351,02:30:00,4.67286,4.02716,2.40644,2.94702,1.73787
Eli Stewart,College,Right,2024-05-22,CH,110,77.23846,2365.4082,10.2911,21.74015,-6.5007586,-0.30790892,-38.30982,,244.47607,02:15:00,5.3353,4.09877,2.64852,1.53408,0.33957
Eli Stewart,College,Right,2024-05-22,FB,111,84.73121,2441.898,12.97745,21.57007,-3.8823407,1.6495953,-27.97073,0.969868,238.84322,02:00:00,5.12444,4.43709,2.16257,3.39966,1.69153
Eli Stewart,College,Right,2024-05-22,CB,112,78.43794,2350.2488,-7.53816,-4.1089,-6.478895,-2.1207876,-55.29387,,28.739925,07:00:00,4.12597,4.20306,2.38585,2.93922,0.72091
Eli Stewart,College,Right,2024-05-22,CB,113,79.41598,2254.9053,0.00284,-2.80018,-8.441757,-4.171169,-46.43467,,90.852974,09:00:00,4.53673,4.1455,2.40454,0.26477,-1.31798
Eli Stewart,College,Right,2024-05-22,CB,114,79.02269,2373.6191,-1.65435,-4.40299,-6.5415134,-2.290998,-49.09731,,69.81492,08:15:00,4.23439,4.25265,2.29436,2.44702,0.50263
Eli Stewart,College,Right,2024-05-22,FB,115,85.42415,2400.348,14.25009,19.97242,-3.3545427,3.4272063,-26.45776,0.9669033,234.43219,01:45:00,5.04522,4.51583,2.19667,3.85044,3.53983
Eli Stewart,College,Right,2024-08-27,FB,28,87.68515,2385.055,18.88089,19.00932,-6.0350876,0.63166255,-19.43872,0.94119513,225.19618,01:30:00,4.94856,4.73228,2.27592,0.82135,1.10019
Eli Stewart,College,Right,2024-08-27,FB,29,87.01854,2410.7412,17.93237,20.44454,-5.05927,1.0320985,-20.80544,0.9342705,228.69962,01:30:00,4.91359,4.72347,2.47669,1.85873,1.55443
Eli Stewart,College,Right,2024-08-27,FB,30,88.64738,2453.6624,16.62408,16.53674,-5.502283,-0.20408578,-21.13896,0.9999858,224.80234,01:30:00,4.91196,4.74161,2.35743,1.5075,0.61235
Eli Stewart,College,Right,2024-08-27,FB,31,89.12806,2478.433,18.37221,16.0441,-2.6177692,-0.312877,-19.12923,0.9609695,221.01358,01:15:00,4.9475,4.77279,2.26843,4.10382,0.45798
Eli Stewart,College,Right,2024-08-27,FB,32,89.01036,2525.6367,18.40326,16.41253,-4.679118,0.14637032,-19.17583,0.87395114,221.67192,01:30:00,4.82725,4.76338,2.23483,2.12493,0.83092
Eli Stewart,College,Right,2024-08-27,CH,33,81.96592,2140.8264,13.12044,19.32683,-5.143627,0.81841314,-31.02627,0.72202057,235.70673,01:45:00,4.42592,4.46525,2.38124,2.40589,1.37981
Eli Stewart,College,Right,2024-08-27,CH,34,82.34497,2372.2632,10.98181,20.41763,-6.994297,-0.5059814,-33.71078,0.8999791,241.61926,02:00:00,4.67252,4.46839,2.4356,0.99215,0.01745
Eli Stewart,College,Right,2024-08-27,CH,35,83.09492,2348.9321,11.81303,17.95919,-5.690174,-0.09150899,-30.9221,0.86130065,236.53955,02:00:00,4.51292,4.53957,2.37605,1.94447,0.63819
Eli Stewart,College,Right,2024-08-27,SI,36,87.25083,2266.681,18.40196,15.75764,-6.2186923,-1.9010354,-20.45514,0.8828146,220.53632,01:15:00,4.74887,4.5787,2.18971,0.54661,-1.07087
Eli Stewart,College,Right,2024-08-27,SI,37,86.59152,2273.2322,17.34936,16.56675,-4.234014,-0.2873244,-21.95078,0.9826328,223.57948,01:30:00,4.78752,4.54496,2.50427,2.56172,0.69511
Eli Stewart,College,Right,2024-08-27,SI,38,87.32185,2353.191,18.77378,17.81006,-4.486077,-1.1748579,-19.65858,0.9999596,223.38785,01:30:00,5.01378,4.50886,2.48157,2.08949,-0.27936
Eli Stewart,College,Right,2024-08-27,SL,39,81.78077,2311.6145,-1.52829,-2.51364,-6.3562636,-1.7386816,-44.82974,,59.2817,08:00:00,4.68724,4.40974,2.45847,2.42368,1.03586
Eli Stewart,College,Right,2024-08-27,SL,40,81.38635,2406.4841,-6.36115,-14.46927,-7.1274195,-5.441842,-50.62057,,66.29487,08:15:00,4.34942,4.53736,2.33377,2.25395,-1.56789
Eli Stewart,College,Right,2024-08-27,SL,41,82.10018,,-6.49974,-8.13276,-8.264334,-2.8165026,-49.46724,,,,4.69493,4.39627,2.51564,0.99023,0.58032
Eli Stewart,College,Right,2024-08-27,FB,42,88.75232,2393.6455,17.97343,15.29655,-3.6948135,0.33359882,-19.50129,0.9999734,220.32532,01:15:00,4.70461,4.58241,2.26018,2.88042,1.1574
Eli Stewart,College,Right,2024-08-27,FB,43,88.49887,2366.4011,16.92847,14.08218,-3.1262786,0.7007724,-20.97372,0.9903245,219.67969,01:15:00,4.6327,4.65305,2.34888,3.63251,1.70318
