Feature,Gain,Cover,Frequency
speed_diff,0.11290440170606117,0.14076641019922764,0.11527119791163105
pfx_z_diff,0.1114977029150027,0.09127297805734318,0.1054336266073673
release_spin_rate,0.10597542714082842,0.09067771375712963,0.09334815817461085
pfx_z_inches,0.10485101187784325,0.10070834405296657,0.09134197041477328
release_speed,0.10153813881500559,0.11397649185879294,0.08757130426375326
pfx_x_diff,0.09638431686061538,0.08233599961963313,0.10584453253408102
arm_slot_Vector,0.0954759517493109,0.10211036434344958,0.10357246446872281
pfx_x_inches,0.09110148923762047,0.10886747790812006,0.08235038190080247
release_pos_x,0.0813519451529483,0.07694855185869487,0.09859325147442714
release_pos_z,0.06262649404098981,0.054301016099303566,0.07309291308131104
release_extension,0.03629312050377401,0.03803465224533883,0.043580199168519775
