pitcher,year,count,stuff_plus
434378,2025,2471,101.97153968938768
445276,2025,876,107.3451267308203
445926,2025,185,91.31258726547004
448179,2025,80,91.93205255413129
450203,2025,2389,101.79033555791509
453286,2025,1535,99.57779650080616
455119,2025,600,97.15490569472662
458677,2025,787,101.35743334035745
471911,2025,681,90.7962816707201
472610,2025,804,98.02690384741476
476594,2025,57,91.80003149635417
477132,2025,1626,98.67893708508129
489119,2025,196,93.79024355441443
489446,2025,684,99.89347219858773
493603,2025,41,102.5898766542402
500743,2025,67,60.72205596194966
500779,2025,2157,90.49569578383412
502043,2025,184,93.04583966768764
502085,2025,306,109.97600918570267
506433,2025,1066,99.40664840356611
516853,2025,13,99.71578753730698
518397,2025,293,91.51065967593841
518489,2025,351,96.06141087383536
518585,2025,767,99.77322721199728
518876,2025,2646,96.71243043562428
518886,2025,219,105.1976843316027
519008,2025,246,95.37671496270447
519141,2025,851,103.58060495855482
519151,2025,592,106.76395949326319
519242,2025,1883,99.01109098662535
519326,2025,327,97.8513651621204
521230,2025,200,102.99903099090582
527048,2025,860,90.58191275473374
534910,2025,86,102.27110900059624
541640,2025,148,93.7431347257978
542881,2025,2238,97.89772420493597
542888,2025,1041,101.10716996835284
542932,2025,49,40.53757136830588
543056,2025,696,98.85416308571584
543101,2025,601,98.14498722808857
543135,2025,1747,98.32626056188265
543243,2025,2664,100.1310736360126
543294,2025,2273,88.88190281930315
543391,2025,20,88.23019860526223
543518,2025,319,99.07282256722341
543592,2025,25,19.407169981062665
543766,2025,12,100.02292501847896
543859,2025,389,96.3304179576028
544150,2025,158,96.79855633415232
547001,2025,66,94.90933637036933
547179,2025,2297,97.02737286861263
547184,2025,606,102.73780543327429
547973,2025,915,111.4028057746858
548384,2025,382,103.8064576949713
552640,2025,783,102.26629863618675
554340,2025,345,107.59017582865751
554430,2025,2189,106.60470742195777
554431,2025,114,104.49612315498356
570632,2025,912,96.61433133624205
571466,2025,21,88.54888048296853
571510,2025,2622,95.45877726572195
571578,2025,2452,92.64231009947338
571657,2025,6,52.54215637741938
571760,2025,1878,97.24681148433267
571771,2025,115,15.971176134869358
571912,2025,13,56.319574117603246
571927,2025,1143,98.05509430905859
571945,2025,2400,93.81450165959485
571946,2025,657,106.29447735588722
571948,2025,1069,101.36596110438911
572955,2025,867,104.50800881743648
573009,2025,206,96.76691240624993
573124,2025,888,101.57646226292918
573186,2025,751,93.74641185990109
573204,2025,802,102.03496510595863
573262,2025,16,42.983701808993374
579328,2025,2957,97.05392056508207
592094,2025,1079,107.83518374593079
592155,2025,557,97.59772349926693
592254,2025,95,97.91791955048127
592332,2025,3146,99.98730113387799
592351,2025,208,94.20006598196969
592426,2025,697,106.89053657841181
592454,2025,1005,103.28511917729428
592662,2025,3009,96.71672378858895
592773,2025,1002,110.2222062390411
592779,2025,580,103.3156585300057
592791,2025,2048,99.25588480408193
592826,2025,42,100.50181829761888
592836,2025,2080,94.32168791433274
592866,2025,1297,96.18712729135663
593423,2025,488,100.4645242430633
593576,2025,516,101.99558587427626
593833,2025,93,103.35538740138576
593958,2025,2461,93.94394671160492
593974,2025,1071,96.20966089779932
594580,2025,353,102.91712041144532
594798,2025,2357,108.09333048935684
594902,2025,613,91.74113480712816
595014,2025,566,105.12014745663127
595345,2025,1004,99.93757909759317
595897,2025,79,99.17190419014456
595928,2025,508,99.60119093294645
595978,2025,38,76.28478495034103
596001,2025,1009,95.64510745386933
596103,2025,8,128.25783830238004
596112,2025,136,100.62033169450656
596133,2025,1011,102.80787305235634
596142,2025,19,31.020577829232593
596271,2025,266,91.27507833942944
596295,2025,874,94.32014118407663
600917,2025,229,96.71009834925903
601713,2025,2817,103.63880945824124
605121,2025,22,96.4754869492371
605130,2025,1223,99.39667894608498
605135,2025,2942,95.29047130195234
605138,2025,39,92.03379317171482
605154,2025,442,99.23599048872818
605155,2025,22,95.72582925340271
605177,2025,542,93.92429765291979
605182,2025,131,96.33515752556663
605218,2025,85,102.39505068040026
605242,2025,84,101.55309089285525
605280,2025,2702,99.02945973520544
605288,2025,1873,96.49793042303581
605347,2025,345,96.42195822667416
605400,2025,1626,100.21171644792406
605447,2025,649,104.55213478828743
605452,2025,821,93.44526295094049
605463,2025,484,95.03680238216228
605483,2025,1471,105.61904306345156
605488,2025,2765,95.02146455886931
605507,2025,60,98.13409689359682
605513,2025,120,100.78991044775907
605540,2025,788,96.7395842144847
606160,2025,1032,99.69646803805217
606303,2025,434,102.01467665054503
606930,2025,133,96.0179702344616
606965,2025,245,103.59518616203668
606996,2025,741,97.05599071473115
607067,2025,2492,94.56356027752055
607074,2025,3057,102.4861774943258
607179,2025,93,97.7785408533953
607192,2025,1683,109.9510178006784
607200,2025,2227,92.60571622702649
607259,2025,2466,96.15859382918345
607455,2025,1073,98.58905619749567
607481,2025,791,95.29979160619028
607536,2025,2319,94.67448649303618
607625,2025,2297,96.8791059801167
608032,2025,1019,99.06925478543083
608331,2025,3122,100.47471791555063
608334,2025,426,97.18842290352346
608337,2025,2246,97.37691809257106
608371,2025,243,110.75759771795545
608372,2025,2464,98.02264657063533
608379,2025,2638,97.00259069645497
608566,2025,2059,94.01400987987877
608638,2025,13,95.35415653520876
608650,2025,630,98.73632374021747
608665,2025,304,95.4596602892556
608671,2025,11,85.39169657303455
608717,2025,398,98.76925568931397
608718,2025,1117,99.95431324170598
612434,2025,107,102.00467431426948
614179,2025,306,100.39743022939
615698,2025,1854,94.6725741909644
620443,2025,23,28.622637470711602
620454,2025,519,96.00697763985495
621016,2025,17,96.47312358407562
621028,2025,34,27.377439420418526
621051,2025,903,103.72372279714968
621053,2025,928,102.08937049716812
621057,2025,82,94.30235480628856
621107,2025,1135,95.05372221694695
621111,2025,2014,98.81628953964534
621112,2025,602,94.94993412489463
621114,2025,37,103.07823370674726
621121,2025,1069,101.12826002668841
621139,2025,360,101.15153721465072
621199,2025,427,88.28408386085495
621237,2025,448,106.89619167609582
621242,2025,996,106.0269735641022
621244,2025,2474,93.09802373484261
621345,2025,188,101.81881075264903
621363,2025,229,100.27077281954092
621366,2025,564,99.25722612072995
621381,2025,962,101.68863175243578
621383,2025,1070,95.00363786485866
621512,2025,7,41.00882153000814
622253,2025,134,96.32385792937467
622338,2025,16,99.36644004246413
622379,2025,158,93.39375870193768
622491,2025,3058,96.18885863153653
622503,2025,503,88.24704427678768
622554,2025,1183,105.44285783504523
622569,2025,18,48.58595690607408
622608,2025,2231,92.57196876856626
622663,2025,2543,99.49790383063842
622761,2025,35,32.10634156855298
622780,2025,111,100.68188334069093
622786,2025,288,98.996646852333555
623149,2025,319,103.49705348850138
623167,2025,642,99.31625716634038
623168,2025,53,32.22267472361639
623211,2025,965,97.73882482322787
623352,2025,801,104.7623138113854
623433,2025,221,95.5487259492631
623437,2025,916,99.09436807692026
623465,2025,88,106.5504162315722
623474,2025,1238,98.5226164306081
624133,2025,2307,92.15628045226137
624431,2025,39,13.837099099462652
624512,2025,16,99.88375920682213
625643,2025,144,96.3417877882778
628317,2025,179,96.49873834900872
628452,2025,915,97.55150970844335
640448,2025,895,104.29130280536947
640451,2025,193,100.4630503871857
640454,2025,66,102.6356371754631
640455,2025,1068,99.88780158729605
640462,2025,149,108.27977819689217
640902,2025,65,56.818339617663725
641154,2025,1257,98.57683006004115
641302,2025,1477,94.95415557911569
641312,2025,211,101.87193396401322
641329,2025,1043,106.76705188322252
641343,2025,75,77.08846638026138
641386,2025,157,101.3293945075318
641401,2025,772,99.91109871824578
641427,2025,9,92.9543126450665
641482,2025,648,97.55981205092677
641540,2025,408,92.83844727614404
641585,2025,73,97.74902613893109
641656,2025,555,96.83268913502779
641658,2025,3,6.937097467100571
641672,2025,557,97.47779301341956
641682,2025,13,101.60939641257478
641745,2025,1097,102.0985628272508
641755,2025,1127,103.56659329264951
641778,2025,1749,94.7666762196393
641793,2025,2682,94.6369330840245
641816,2025,1395,98.7995162062373
641835,2025,292,96.89275211701673
641927,2025,2323,99.01598758987987
641941,2025,1013,106.61532937695328
642016,2025,245,100.99156968720794
642048,2025,224,96.68410228794957
642100,2025,920,96.98501608992275
642121,2025,364,99.32641058292047
642133,2025,22,46.55606259985336
642152,2025,821,97.99842091696561
642180,2025,17,69.80750480049437
642207,2025,1133,116.01988505935229
642215,2025,35,3.7640820944252544
642216,2025,163,91.36189767795604
642232,2025,1000,93.38103345854091
642239,2025,346,100.87288419738735
642397,2025,923,102.89251089963061
642520,2025,169,98.64419173626821
642528,2025,427,99.68550502152972
642546,2025,47,102.49432396394823
642547,2025,3122,104.11138677278153
642585,2025,596,112.8015631457258
642701,2025,934,99.53797002151921
642708,2025,23,69.31882017244747
642759,2025,75,100.15158956309222
643338,2025,679,103.75057834919508
643361,2025,206,95.07500089655314
643377,2025,1001,112.01156791363528
643396,2025,7,34.13421745471568
643410,2025,758,98.61500547064203
643511,2025,950,108.2580481433339
645261,2025,2762,101.30853368060514
645305,2025,17,6.990910780957771
645444,2025,25,34.49863141678256
646242,2025,26,94.20848103589124
647315,2025,119,98.67266893332132
647336,2025,1520,99.91384892214786
647351,2025,13,8.06742935918034
650489,2025,12,59.254200261845696
650556,2025,1092,109.18041681537417
650633,2025,1094,100.97354458506425
650644,2025,1745,98.49608902543794
650671,2025,77,96.42917140232126
650893,2025,663,97.90115240058606
650895,2025,17,97.16225372206809
650911,2025,2721,103.00521748793906
655889,2025,396,102.21035975411004
656186,2025,496,99.92627048023566
656222,2025,851,95.06142248163891
656232,2025,46,93.46809873457774
656234,2025,922,102.12186916879295
656240,2025,684,96.84219479789108
656257,2025,94,100.81153920283737
656271,2025,940,100.12068854321758
656288,2025,1354,100.17178585301168
656302,2025,3042,109.71558559059893
656354,2025,7,95.16588905010197
656420,2025,91,100.3547130586876
656427,2025,2780,97.53488495883414
656457,2025,763,93.67895155574698
656458,2025,18,91.32417666084602
656464,2025,448,100.30613563701766
656546,2025,1238,107.81215378722803
656550,2025,1849,100.63908336611985
656557,2025,724,100.46449530029044
656577,2025,23,93.3583212050297
656605,2025,2601,98.84682283764468
656629,2025,208,110.16198731831196
656638,2025,15,97.8428600791613
656641,2025,1295,102.3506891247283
656686,2025,301,105.8337157278088
656716,2025,1,21.11763362354401
656730,2025,792,119.15764417481928
656731,2025,1159,103.42230995048666
656786,2025,36,100.2551703435537
656794,2025,1464,95.93969129020746
656818,2025,14,98.87582506763414
656820,2025,24,93.29649673531111
656848,2025,279,106.46036495880362
656849,2025,2471,93.09201621666614
656876,2025,2086,103.33029628504491
656896,2025,44,64.06372246753051
656945,2025,863,108.11563595421157
656986,2025,629,102.57863188354992
657006,2025,240,99.96563605167151
657024,2025,116,99.54486084344894
657044,2025,642,103.66595746546048
657053,2025,36,94.78641508208243
657097,2025,898,102.50730757240133
657240,2025,281,99.37704936112304
657265,2025,34,99.95826757343862
657277,2025,2935,99.96107773921898
657376,2025,1197,105.16136427050363
657424,2025,495,97.85955025495619
657510,2025,17,89.2930396031933
657514,2025,762,93.8693448748697
657571,2025,1036,98.5726480507628
657585,2025,875,102.30060441702925
657612,2025,884,101.74142851622577
657649,2025,1028,98.96099732021914
657746,2025,2520,101.35204257615963
657756,2025,217,95.01322505753849
660261,2025,32,99.92110918664581
660271,2025,923,106.87052835215661
660604,2025,168,100.84908811005813
660644,2025,23,46.341368316540596
660730,2025,320,102.95019253662647
660761,2025,305,101.32381261372187
660787,2025,555,99.08281817815605
660825,2025,1265,98.88736181163497
660844,2025,17,96.32439340063429
660853,2025,1059,96.2151809063327
660896,2025,1058,104.9138839190357
661395,2025,1095,108.73731804709733
661403,2025,697,115.73761673310132
661527,2025,131,99.80471836459459
661563,2025,985,105.52018711232398
662253,2025,1039,102.27181152507349
662914,2025,6,91.6286178607653
663158,2025,1103,107.45468292870042
663302,2025,18,91.91754950990885
663321,2025,215,100.1617966019075
663362,2025,102,95.54604867837702
663372,2025,564,94.17214094898726
663399,2025,488,95.93762078495003
663423,2025,588,101.8528387540801
663432,2025,180,104.44364080137703
663436,2025,2182,99.96964685350214
663455,2025,463,98.05429682770266
663460,2025,1859,102.36418430782663
663462,2025,105,105.7733475446181
663465,2025,968,90.46776588317111
663474,2025,135,105.34536808847037
663485,2025,1060,99.30437894028039
663542,2025,325,99.94927761101125
663546,2025,224,94.0048518960871
663554,2025,2198,98.4744973568107
663558,2025,73,103.25453964150694
663559,2025,1926,95.21325639061043
663562,2025,239,98.39109489873675
663568,2025,1522,95.50588104411855
663574,2025,1158,100.20387690090728
663623,2025,2776,96.77987616669733
663671,2025,504,103.3887822476632
663687,2025,1003,99.22255689194797
663738,2025,1076,98.26853606319054
663765,2025,569,93.82807336045408
663767,2025,652,95.11604079272004
663773,2025,104,94.23858288452321
663795,2025,372,96.88352237191292
663804,2025,265,102.06052172004026
663855,2025,1193,99.30154722631241
663878,2025,252,104.7948084684654
663893,2025,1182,98.8881744477422
663897,2025,59,42.32137549357506
663903,2025,2703,96.20540008498466
663941,2025,757,100.9916168485382
663947,2025,1154,98.66728313967747
663967,2025,11,5.286245132292259
663969,2025,1005,99.12914419241416
663978,2025,2600,97.05062357464725
663989,2025,31,94.53687001724467
663992,2025,230,98.36433627432382
664062,2025,580,98.33155753519749
664076,2025,836,103.60046546898178
664123,2025,148,98.00360059059233
664126,2025,899,111.97490521002716
664129,2025,140,100.75992942372592
664139,2025,389,99.08309767045864
664141,2025,429,96.49451415248042
664192,2025,535,93.45579206402425
664199,2025,804,101.73367477374406
664208,2025,932,104.70538289594693
664285,2025,2605,100.89102355008394
664294,2025,264,99.65213891714035
664299,2025,595,98.74983160504705
664351,2025,248,103.38524576094116
664353,2025,53,100.6285560330987
664744,2025,42,96.03025591163187
664747,2025,355,111.28485717742066
664849,2025,189,103.17145562814265
664854,2025,905,116.05745006517428
664875,2025,261,99.90090658323798
664948,2025,75,98.06065729279238
664991,2025,501,101.25983118091371
665019,2025,18,50.92530152202997
665152,2025,2581,97.28728365224802
665625,2025,198,101.02807204537676
665645,2025,17,104.59625338835968
665660,2025,693,103.99001558825294
665665,2025,49,96.89287872970732
665795,2025,1997,102.90522639976398
665871,2025,542,91.60508573455799
666120,2025,193,86.89968607264319
666121,2025,16,73.36827450440651
666142,2025,862,106.67412707636905
666151,2025,31,98.48247692254323
666157,2025,2476,95.47022586453903
666168,2025,227,97.83033315826114
666171,2025,955,106.20624908349893
666200,2025,3066,100.85439393390631
666214,2025,1642,99.87929133954745
666215,2025,250,104.23463795145135
666277,2025,712,103.84564414486799
666374,2025,868,108.35568304115442
666619,2025,154,101.63847998780092
666659,2025,177,92.00657973281061
666661,2025,583,105.02968138363323
666711,2025,296,104.3921730278521
666785,2025,7,98.9547988182794
666808,2025,1099,105.12054469754837
666974,2025,890,100.89012317448545
667280,2025,19,95.18594666201496
667297,2025,459,105.81109567203184
667434,2025,14,91.97528992389556
667463,2025,741,95.7897263971033
667755,2025,2692,99.29765311944986
668390,2025,558,102.05976526296537
668670,2025,46,52.208383805959805
668674,2025,900,99.55998414296877
668678,2025,2776,100.16644214885167
668716,2025,357,96.17954690615032
668820,2025,484,100.10036419634218
668831,2025,12,90.5555108325559
668834,2025,214,97.1979875621439
668881,2025,1663,111.60472917492635
668909,2025,2844,101.1823399256758
668933,2025,963,102.92828833787976
668941,2025,882,98.44689753951981
668964,2025,715,100.0053917252512
668970,2025,167,102.40074112658468
668984,2025,806,103.51867583327183
669020,2025,629,99.17731522419965
669022,2025,2655,99.77272408507199
669060,2025,790,97.46711387373888
669062,2025,462,106.6399746114475
669084,2025,550,96.83039324738655
669093,2025,1226,110.07610957564843
669111,2025,15,104.96133987346687
669145,2025,83,94.28995953898483
669160,2025,2079,103.84354913440487
669188,2025,15,104.67962160965311
669193,2025,54,97.68790997108349
669194,2025,2412,102.68542749369868
669199,2025,1110,107.6805775004988
669203,2025,878,105.16608220200396
669211,2025,992,101.21340410951308
669212,2025,106,101.88065744132767
669270,2025,19,97.46186692394902
669276,2025,997,104.32210285547859
669298,2025,20,93.77446808170417
669302,2025,2052,104.1376697426124
669308,2025,478,104.99611613343168
669330,2025,332,100.63871897649406
669358,2025,2499,104.93498665191628
669371,2025,867,101.38536255143647
669372,2025,1387,93.03504575007457
669373,2025,3052,105.52378459535502
669387,2025,1426,98.15617555965774
669391,2025,111,99.84412195756146
669422,2025,488,99.75175330982636
669432,2025,1385,98.9540696632511
669434,2025,14,95.71858373397006
669438,2025,653,100.6749639840073
669449,2025,40,88.19829538238959
669450,2025,17,78.77373571655315
669456,2025,910,104.33917328866706
669459,2025,59,97.35803478454318
669461,2025,2244,98.20830552159865
669467,2025,2442,97.60000740109089
669618,2025,3,107.53754259259155
669620,2025,193,97.5361385047724
669622,2025,698,107.84908270058071
669674,2025,751,98.01120692543942
669684,2025,509,100.4724708303032
669704,2025,391,105.18978829170653
669707,2025,21,53.20857791381974
669711,2025,1015,98.6585999075254
669713,2025,401,97.6977778820093
669717,2025,26,72.87487064671346
669721,2025,89,97.49022649416983
669722,2025,14,-5.9230040140400275
669724,2025,911,95.61115061602541
669735,2025,36,94.65356609592637
669854,2025,775,97.72833190590991
669920,2025,1177,95.0160359830776
669923,2025,2179,100.13323217034466
669947,2025,147,98.52670217398126
670032,2025,8,32.36548176735255
670036,2025,737,102.60825458411935
670059,2025,473,102.03301851945984
670102,2025,1082,99.23899258749026
670156,2025,21,57.37876244343864
670167,2025,1013,98.65133971073506
670174,2025,196,100.26086344546232
670183,2025,21,100.76692853617355
670280,2025,1039,102.825455697912
670329,2025,533,105.57921609074307
670389,2025,23,96.88934412367725
670766,2025,82,96.82280442419014
670810,2025,158,97.86561044428471
670871,2025,24,108.72834056386014
670912,2025,643,105.04794315366091
670950,2025,104,99.00575319986356
670955,2025,1086,98.9212937234426
670970,2025,1042,105.08639732143712
670990,2025,551,105.59976907304808
671096,2025,2616,97.4467031006058
671106,2025,2481,93.74850488989958
671109,2025,284,92.76060379167299
671111,2025,149,97.4928734243863
671131,2025,1321,98.59311162514143
671162,2025,150,95.45486006285364
671212,2025,831,107.99522785516768
671305,2025,112,103.00660799581229
671345,2025,7,95.95356851185088
671737,2025,2173,100.52365952192784
671922,2025,1156,109.81246839170038
672277,2025,10,99.99096902563761
672282,2025,975,103.82777913220227
672335,2025,394,98.19200462676528
672391,2025,734,105.69093734200726
672456,2025,1486,98.44596087069175
672578,2025,638,105.04465477715746
672582,2025,1014,96.06718810008127
672710,2025,211,97.79954415890121
672724,2025,40,20.00513403353181
672782,2025,1085,100.22666488966576
672841,2025,1136,99.56580723291432
672851,2025,24,92.30916191118712
673380,2025,185,104.12192159432573
673394,2025,15,97.07016659932373
673513,2025,990,104.11456205905145
673540,2025,1669,98.21730138550747
673820,2025,58,98.76128450378877
673929,2025,1047,108.28137450912197
673965,2025,86,103.40826133787127
674072,2025,102,92.57479946552426
674285,2025,518,95.22446697354567
674370,2025,1326,99.10209386047485
674384,2025,234,108.06296191944145
674444,2025,609,103.42304690593394
674841,2025,382,100.48882236713104
674944,2025,126,89.27748990866543
675512,2025,696,101.26962412510707
675540,2025,49,93.12312128499632
675650,2025,90,104.07320665928268
675848,2025,983,103.95293448705225
675911,2025,1971,99.27465931829848
675916,2025,56,105.53635693055685
675919,2025,27,95.6426697365593
675989,2025,39,99.61341447038357
676051,2025,81,98.92688705454361
676070,2025,5,63.290930667837
676083,2025,1509,102.32133506516702
676092,2025,489,100.5735963159393
676106,2025,1437,96.28240068644342
676130,2025,1011,100.30818520373977
676206,2025,122,102.16486977900405
676249,2025,25,97.40814065515357
676254,2025,960,101.44776245032196
676263,2025,1114,104.06681974864671
676272,2025,110,105.39166118420908
676282,2025,1465,96.25308474928153
676395,2025,866,96.78677646716793
676428,2025,961,96.51117928121306
676440,2025,2827,98.76288751612796
676467,2025,1406,95.51309060111215
676475,2025,6,36.078685353448
676477,2025,1159,104.10532662236486
676508,2025,1196,108.74475258822861
676510,2025,24,96.42976518301401
676534,2025,979,106.86339505846608
676571,2025,405,94.23435177882315
676604,2025,231,103.53156592989409
676609,2025,28,68.126380640307
676617,2025,679,102.99116378890648
676661,2025,618,105.59245729645026
676664,2025,2271,94.63227032669394
676679,2025,28,58.252495988856104
676680,2025,64,93.19071760164864
676684,2025,1177,103.00168485560624
676697,2025,19,98.76822024213698
676701,2025,15,74.8576040866809
676702,2025,333,101.78718400388992
676724,2025,9,23.82054868965402
676742,2025,123,107.49397947976165
676755,2025,698,101.21252844633352
676760,2025,216,99.47846946350502
676775,2025,155,99.27650788988832
676801,2025,52,68.76799646746862
676879,2025,1085,100.32538418214199
676917,2025,751,103.42461178684397
676961,2025,729,94.95307073699061
676962,2025,1649,101.7453544941393
676969,2025,47,95.75648842598281
676974,2025,1047,104.24704497736117
676979,2025,2861,103.01773269467371
677020,2025,87,95.35001637869995
677161,2025,549,102.41643259764693
677312,2025,23,99.43658426679542
677334,2025,8,94.22665950888864
677649,2025,24,46.90846365460399
677651,2025,106,96.66169427247851
677865,2025,204,98.31852696314516
677944,2025,2011,98.25241959254228
677952,2025,1043,103.53124104530902
677955,2025,481,98.91844700418278
677958,2025,1173,95.54017756777348
677960,2025,608,103.8860852483239
677961,2025,36,97.14683120845741
677976,2025,74,93.31857521341257
678011,2025,10,67.90400430115604
678020,2025,610,104.89622304539921
678022,2025,616,103.32017263765594
678024,2025,1565,95.71507730956715
678215,2025,204,98.30567839418238
678226,2025,622,106.24611572253738
678316,2025,79,100.64811094464048
678368,2025,1338,94.86727567903516
678394,2025,2536,96.87924796261854
678493,2025,12,89.5103509312904
678495,2025,779,114.21166504097097
678606,2025,1092,102.99238715835659
678692,2025,1067,108.42586571362698
678821,2025,441,94.80199662999253
678868,2025,9,98.3784074116809
678906,2025,496,102.89184412552964
679066,2025,20,103.9990538136168
679358,2025,633,102.67424033740357
679702,2025,13,91.32932670243513
679712,2025,42,92.3589232430052
679758,2025,13,91.06466527840288
679775,2025,398,101.19118542749416
679883,2025,191,100.82890811994383
679885,2025,293,105.3934596626522
679922,2025,27,97.4614990289672
679928,2025,30,90.63109412449207
680573,2025,1735,98.40175368093225
680604,2025,49,98.71336857644755
680684,2025,530,101.76591635596978
680689,2025,609,95.23385245259054
680694,2025,463,101.0635828624423
680701,2025,23,101.4603172966565
680702,2025,60,100.8931272685668
680704,2025,301,103.40803030080492
680729,2025,193,95.45901004128703
680730,2025,2579,95.96166034664336
680732,2025,2260,103.55856427151882
680735,2025,404,98.27704524570542
680736,2025,1091,99.43073841833326
680742,2025,628,101.51476697199611
680755,2025,895,104.86293357494051
680767,2025,836,103.12292557708018
680770,2025,12,98.04878651278865
680837,2025,24,39.02116798156673
680862,2025,17,75.31752403298727
680880,2025,336,101.52574112004578
680885,2025,1501,102.01448932991792
680951,2025,107,98.94048702464222
681004,2025,11,94.48772491349034
681006,2025,611,98.15422431655901
681097,2025,15,105.25621480320953
681146,2025,110,68.32806959585237
681151,2025,169,98.6601125727209
681168,2025,299,100.75142106600632
681190,2025,2072,99.79493612507792
681217,2025,202,99.90016224744129
681293,2025,605,103.33334767532152
681343,2025,2036,98.43135377348285
681347,2025,1425,100.0661953416465
681402,2025,26,107.03586738926838
681415,2025,18,109.37146208220467
681432,2025,73,100.64133276456671
681517,2025,1220,105.13385333833128
681676,2025,513,102.57782481565287
681739,2025,19,94.32975090541176
681751,2025,110,100.25301012214761
681799,2025,123,106.00403756177974
681810,2025,140,98.83735952249667
681857,2025,1108,99.55558913228477
681867,2025,279,100.637528748861
681869,2025,527,100.21908368616268
681870,2025,468,109.6490748801215
681882,2025,177,99.79201575686854
681892,2025,690,96.35822199007595
681895,2025,321,99.45332994993163
681911,2025,1029,108.26370628697879
681916,2025,152,102.84651629968687
681962,2025,30,61.56022843068523
681982,2025,1078,101.39379928938246
681987,2025,12,58.61104382812218
682052,2025,1546,97.14543820892823
682120,2025,752,98.04998075578173
682144,2025,31,100.78312735405939
682171,2025,242,101.21709299688693
682243,2025,1733,104.32443658727695
682254,2025,799,113.43867804744153
682274,2025,300,103.79418155339543
682515,2025,13,58.62080478335333
682610,2025,217,98.21256515936736
682769,2025,26,100.16666675584501
682790,2025,353,100.6226755021432
682825,2025,378,99.82042859456362
682840,2025,11,88.52495627717
682842,2025,1141,105.1410111316421
682847,2025,1529,99.18606017827352
682989,2025,306,100.07046807444793
682990,2025,2439,95.46248357027032
682995,2025,41,99.85736105151351
682999,2025,3,102.96522222646834
683004,2025,2512,106.60214731577766
683021,2025,7,42.05677788414683
683085,2025,11,99.89093573462154
683094,2025,28,92.48939072880798
683155,2025,254,95.85419634394067
683175,2025,384,108.74110222631468
683232,2025,773,103.1624652999022
683409,2025,997,95.00836742824382
683510,2025,14,91.66693672209777
683618,2025,280,107.89029022925895
683627,2025,565,93.61991255160846
683766,2025,27,14.078815747615272
683769,2025,1054,101.04506537440274
684007,2025,2161,98.84303173909262
684320,2025,1155,102.13808966585026
684384,2025,9,95.04017192078999
684483,2025,12,98.01801234091091
684974,2025,171,94.4522819415262
685001,2025,29,88.5464916758689
685005,2025,38,101.27354178600747
685045,2025,16,103.5092846269199
685068,2025,89,95.37929593150804
685107,2025,467,99.40200284537005
685112,2025,15,101.77404924600933
685126,2025,1191,98.26258219655985
685299,2025,1193,93.03211400529263
685314,2025,360,90.89981422881492
685326,2025,485,98.5751464872748
685801,2025,237,107.68886709643769
686218,2025,1197,106.05539273889413
686228,2025,209,98.63784666342198
686249,2025,43,91.72876818580752
686463,2025,13,89.40659241229376
686563,2025,1722,96.9926749431129
686580,2025,513,109.11660838138903
686613,2025,2755,99.88267111085489
686642,2025,354,98.52809103756533
686643,2025,20,96.72111585640428
686654,2025,81,101.25885399602662
686676,2025,43,73.70523531368953
686678,2025,46,91.98095886309008
686700,2025,35,99.74611176618863
686701,2025,1254,102.23428298318107
686730,2025,283,96.53383960281029
686747,2025,127,95.52921623622571
686751,2025,204,105.08660904547983
686752,2025,2552,107.0467303193123
686753,2025,48,99.18068042330172
686790,2025,204,99.52513133970474
686799,2025,1750,95.50544198619626
686826,2025,416,94.23348318442095
686830,2025,3,89.0226302017313
686930,2025,412,102.79018612214331
686973,2025,1232,107.78503063605318
686993,2025,1031,103.37313068570748
687003,2025,126,90.54568725198597
687064,2025,827,98.98295590617354
687074,2025,62,100.30342534042558
687075,2025,280,98.29546607593988
687134,2025,771,97.02746861580488
687166,2025,34,102.98625411758317
687198,2025,17,91.11008518760856
687209,2025,158,111.3584157322032
687223,2025,672,97.30218662856039
687273,2025,62,98.98512704823291
687287,2025,84,96.53386249383087
687330,2025,573,103.70946468639855
687362,2025,530,98.48069142560222
687377,2025,501,102.62046436715235
687396,2025,370,103.97713769634498
687424,2025,123,98.3793464427693
687473,2025,1718,101.18487242068058
687589,2025,12,93.75025975720526
687606,2025,417,97.15723869531834
687765,2025,1315,104.17983123675131
687798,2025,15,97.02268031134156
687817,2025,12,90.47289164125179
687830,2025,430,102.25875233700903
687847,2025,116,103.00465071318698
687849,2025,294,106.78434754919878
687863,2025,554,111.44307781580503
687866,2025,8,94.84044022488717
687888,2025,798,93.98788636999689
687911,2025,992,92.2413663462321
687916,2025,13,101.17290982274699
687922,2025,415,96.9553168066717
687931,2025,381,99.07078644755286
687956,2025,16,97.39958586540979
687985,2025,6,96.17676919517983
688107,2025,154,97.63283320322755
688138,2025,1265,98.65659842083889
688158,2025,712,104.44568914163553
688297,2025,381,97.81522488909259
688328,2025,25,99.87431666929953
688497,2025,332,96.55542576098601
688642,2025,487,97.19432741631688
688883,2025,24,97.09979522104169
689017,2025,715,100.88891602133394
689147,2025,1100,109.83711606629647
689225,2025,408,101.47492654927846
689233,2025,2,89.02544358287452
689254,2025,909,103.41507874086052
689266,2025,509,90.25073701535653
689337,2025,11,94.8034735541075
689520,2025,101,98.48729391891301
689557,2025,18,104.42720359925697
689690,2025,614,103.74888249876142
689821,2025,11,98.3749010647833
689958,2025,40,109.23163542383519
690294,2025,12,91.05504063515465
690382,2025,151,101.05806361661689
690544,2025,215,104.69976348639206
690829,2025,107,103.3808780682702
690916,2025,634,104.20369631305118
690925,2025,437,108.52745351896128
690928,2025,887,101.17775632563358
690953,2025,696,103.5530133952262
690986,2025,573,99.750542514481
690990,2025,1546,102.03548016011419
690997,2025,716,100.94348241178098
691008,2025,70,95.29262008272934
691032,2025,33,99.2173538540582
691094,2025,47,95.60365256983242
691172,2025,142,99.62754020845063
691251,2025,234,93.38057201982757
691441,2025,96,103.24897609276148
691548,2025,73,101.77216723137114
691582,2025,29,95.1925674123406
691587,2025,1521,108.21040520974206
691594,2025,165,28.61555770460725
691634,2025,3,97.56363344796853
691669,2025,2,90.8011081470118
691769,2025,71,98.2329691454194
691799,2025,575,114.25844122299063
691951,2025,285,94.12399804206848
692024,2025,81,103.12308915951093
692030,2025,39,92.00438524970399
692064,2025,23,102.87963515403368
692230,2025,196,96.26898200083996
692285,2025,275,97.86416444402639
692838,2025,21,101.24864756735043
693312,2025,578,107.02257502767165
693313,2025,559,98.2686191998572
693433,2025,2744,98.67394215259458
693645,2025,1286,103.43887429306467
693725,2025,18,95.47373469943474
693821,2025,2425,93.73000710255442
693855,2025,946,94.71928521733906
694037,2025,868,107.67599193734078
694297,2025,2899,100.42859647287658
694335,2025,921,100.79939684117429
694350,2025,441,101.95110650095292
694359,2025,23,38.37216277422061
694361,2025,356,105.13111957072768
694363,2025,295,93.56780428919888
694462,2025,805,98.47859751097553
694477,2025,2080,94.90104470446964
694496,2025,18,94.40204897508985
694646,2025,187,99.16337620388103
694660,2025,7,96.61736422159173
694674,2025,27,100.12851772188137
694680,2025,10,95.61138974147342
694738,2025,1574,97.46220347243039
694819,2025,1249,114.13583714595183
694851,2025,235,108.63672694163927
694855,2025,16,98.55583505847267
694900,2025,11,99.92887421004477
694918,2025,301,101.12895940894708
694973,2025,2954,101.77677011517596
695071,2025,8,94.32466540263134
695243,2025,939,114.48570144039006
695378,2025,22,96.20817114683048
695418,2025,1982,98.01838486673893
695445,2025,517,99.13718882680583
695505,2025,652,114.66446924532585
695534,2025,162,99.03361354184999
695549,2025,900,104.56535625033041
696131,2025,69,94.19041543411697
696136,2025,205,100.61535970038655
696146,2025,53,93.54301451084632
696147,2025,297,104.3945468315529
696149,2025,375,108.81103099649305
696270,2025,284,99.80467543500849
697812,2025,132,98.72646179615052
698785,2025,5,94.29303513134235
699134,2025,118,104.55762783989661
699823,2025,10,105.6402106847496
699911,2025,175,94.938850642613275
700187,2025,129,103.73521968386227
700241,2025,1363,95.26464719133456
700249,2025,1800,99.52902671150407
700270,2025,57,95.59102398162199
700327,2025,6,94.52343221673783
700363,2025,585,97.70401933594803
700669,2025,671,99.15899324257907
700675,2025,6,90.60551573209614
700712,2025,27,92.87707078018958
700786,2025,12,94.06975863138605
701121,2025,151,100.85931496048678
701328,2025,59,95.6366009349622
701487,2025,522,98.30950116181239
701519,2025,566,99.1561202951163
701542,2025,2850,103.52814407327786
701549,2025,3,95.08742750880883
701552,2025,347,98.25679931706662
701581,2025,844,101.45366244285201
701656,2025,400,100.47643356053408
702056,2025,643,109.2575256916402
702070,2025,2034,100.59523627955461
702103,2025,22,100.57069184235135
702273,2025,53,98.8260122310501
702352,2025,1212,93.0662715894048
702460,2025,4,91.85669129842242
702674,2025,536,96.77580239309154
702752,2025,28,107.15425251675205
702795,2025,220,96.46284536808135
702878,2025,36,105.32794217239731
703725,2025,11,99.79723213882241
800048,2025,598,94.99866549629805
800049,2025,459,101.19838016452388
800311,2025,284,103.8800979473408
801128,2025,20,97.38681792934986
801139,2025,304,108.08897804980485
801216,2025,45,97.23244840674045
801403,2025,1709,101.96961320474777
801432,2025,29,96.89363403828283
801434,2025,135,102.25208360375157
801619,2025,11,108.69949034772976
801870,2025,27,97.9382676822621
802419,2025,238,95.74783349192695
802686,2025,49,97.4252826399923
804636,2025,346,103.93312460118585
805123,2025,491,104.69210925605084
805299,2025,268,106.3211045540302
805427,2025,75,98.17168706333894
805673,2025,1285,102.07627353989481
805871,2025,41,94.33885310421167
806185,2025,1083,106.04566588984832
806188,2025,842,101.57493793997136
806288,2025,15,96.5861421081989
806585,2025,10,98.68371752773088
806960,2025,793,105.47012060625342
808865,2025,21,94.96115183678006
808963,2025,690,101.30872017579705
808967,2025,3013,101.21270532954604
809950,2025,5,98.13402676851365
811310,2025,14,101.79688817756235
813349,2025,382,99.68362260096305
813636,2025,32,90.93033734202935
813882,2025,13,92.81423259983167
814291,2025,13,97.46194660582069
814388,2025,12,96.50216584180674
814527,2025,14,101.23020206660148
814716,2025,4,95.23085071132121
815066,2025,4,89.91827367031296
815083,2025,384,94.8520595612099
815318,2025,17,101.26893082710318
820862,2025,583,105.97499660163655
823996,2025,24,93.7012824378538
827744,2025,30,104.00007178599299
828353,2025,29,92.02638835413292
828496,2025,16,102.83715020719784
829272,2025,587,97.29117343416426
